Keyword,Search Volume,Difficulty,Status
ynab,201000,18,Add
budget apps,165000,17,Added
budget application,165000,17,Add
everydollar,74000,21,Add
personal finance app,74000,1,Added
personal budget software,60500,74,Added
household budget software,60500,74,Add
budgeting software,49500,9,Added
quicken simplifi,40500,37,Add
expense tracker,33100,68,Added
good budgeting apps,33100,75,Add
youneedabudget,33100,30,Add
free budget app,33100,73,Added
best budget app,33100,75,Added
top budget apps,33100,75,Add
budget tracking software,27100,76,Add
expense management app,27100,44,Add
expense tracker app,27100,44,Added
best free budget app,22200,73,Added
every dollar app,22200,45,Add
everydollar app,22200,45,Add
money management apps,22200,35,Added
goodbudget,22200,18,Add
personal accounting software,18100,28,Added
budget tracker,18100,100,Added
personal money management software,18100,28,Add
personal finance management software,18100,28,Add
personal finance software,18100,28,Added
developing an app cost,14800,28,Add
mint app,12100,26,Added
ynab app,12100,46,Add
money tracker,12100,38,Add
you need a budget app,12100,46,Add
mint budget app,9900,38,Add
budget planner app,9900,41,Add
spending tracker app,8100,57,Added
spending app tracker,8100,57,Add
best app to manage expenses,8100,53,Add
expense tracker excel,6600,75,Add
spending tracker,6600,82,Add
dave ramsey budget app,6600,54,Add
best money management app,6600,64,Added
apps to save money,6600,31,Add
app for expenses,5400,50,Add
best money saving apps,5400,58,Add
best home accounting software,5400,96,Add
free budget planner,5400,73,Added
best personal finance software,5400,96,Added
budget book planner,5400,100,Add
ynab budget,4400,40,Add
personal budget app,4400,35,Add
family budget app,4400,35,Add
household budget app,4400,35,Add
daily expense tracker,3600,79,Add
simple budget app,3600,65,Add
budget calculator free,3600,47,Add
mint budget,3600,60,Add
best spending tracker app,3600,61,Add
monthly expense tracker,3600,100,Add
ynab cost,3600,34,Add
daily expenses app,3600,52,Add
online budgeting,3600,40,Add
easiest budget app,3600,65,Add
personal finance tracking,3600,70,Add
budget app for couples,3600,49,Add
best budgeting software,3600,88,Added
dave ramsey every dollar,2900,31,Add
income and expense tracker,2900,100,Add
every dollar budget,2900,50,Add
best finance apps,2900,65,Add
budget software free,2900,78,Add
best budgeting tools,2900,79,Add
every dollar dave ramsey,2900,31,Add
money manager expense & budget,2900,29,Add
budget spreadsheet google sheets,2900,100,Add
best budget tracking app,2900,67,Add
best money apps,2900,74,Add
budgeting tools free,2900,72,Add
budget tracker app,2900,52,Add
best personal finance app,2900,69,Added
financial planning app,2900,52,Add
everydollar budget,2400,49,Add
money tracking app,2400,57,Add
best money tracking app,2400,64,Add
free expense tracker app,2400,64,Add
spending app,2400,26,Add
every dollar budget app,2400,23,Add
project expense tracker,2400,26,Add
best expense tracking app,2400,62,Added
money management software,2400,70,Add
ramsey every dollar,2400,28,Add
every dollar budgeting app,2400,23,Add
dave ramsey app,1900,44,Add
personal expense tracker app free,1900,62,Add
personal expense tracker,1900,66,Add
best finance tracking app,1900,71,Add
finance tracking apps,1900,49,Add
best budget spreadsheet,1900,100,Add
best personal budget app,1900,73,Add
budget management software,1900,12,Add
best budget planner,1900,100,Add
best expense tracker app android,1600,31,Add
free budget tracker,1600,74,Add
personal accounting software for mac,1600,19,Add
personal budget tools,1600,61,Add
budget and expense tracker,1600,100,Add
money budget app,1600,66,Add
free money management apps,1600,57,Add
personal finance software for mac,1600,19,Add
free personal finance software,1600,86,Add
free expense tracker,1600,64,Added
budget management apps,1600,50,Add
best personal accounting software,1300,93,Added
bill management app,1300,50,Add
best budget app for couples,1300,77,Add
best free expense tracker app,1300,54,Add
best personal bookkeeping software,1300,93,Add
bill tracker app,1300,65,Add
ai budgeting app,1300,65,Add
bill organizer app,1000,69,Add
personal expense tracker app,1000,49,Add
best home budget software,1000,90,Add
easy budget app,1000,62,Add
monthly budget calculator free,1000,50,Add
free budget app for iphone,1000,68,Add
online expense tracker,1000,44,Add
best financial management app,1000,62,Add
expense tracker website,1000,30,Add
envelope budgeting app,1000,36,Add
monthly spending tracker,1000,100,Add
best financial planning apps,1000,52,Add
home budget app,1000,52,Add
best budget planner app,1000,62,Add
monthly expenses app,1000,64,Add
best free money management app,880,68,Add
personal expense tracker excel,880,59,Add
spending tracker app free,880,71,Add
every dollar premium,880,34,Add
best family budget app,880,73,Add
best money budget app,880,75,Add
ramsey budget app,880,48,Add
best budget tracker,880,99,Add
best budget app for iphone,880,56,Add
budget calculator app,880,59,Add
app to keep track of expenses,880,68,Add
home budget software,880,93,Added
best bill tracker app,880,82,Add
personal accounting software free,720,99,Add
best money management software,720,89,Add
free accounting software for personal use,720,100,Added
cost to build an app,720,64,Add
budgeting software for small business,720,38,Add
free financial planning software,720,76,Add
best personal finance software for mac,720,97,Add
best personal accounting software for mac,720,97,Add
app making cost,720,51,Add
best app to keep track of expenses,720,69,Add
monthly budget app,720,68,Add
best expense tracker,720,71,Add
mint expense tracker,720,27,Add
personal bookkeeping software free,720,99,Add
best personal budget software,590,95,Add
best free personal finance software,590,93,Add
apps that help you save money,590,58,Add
money goal tracker,590,65,Add
low investment trading app,590,82,Add
apps like mint,590,82,Add
best expenses app,590,67,Add
best home budget app,590,73,Add
best free personal finance app,480,66,Add
best free budgeting software,480,78,Add
mint accounting software,480,63,Add
finance manager app,480,41,Add
simple expense tracker,480,66,Add
business expense tracker excel,480,95,Add
free finance tracker,480,69,Add
simplifi budget app,480,38,Add
weekly budget app,480,39,Add
personal bookkeeping software,480,100,Add
construction budget software,480,27,Add
best home finance software,480,91,Add
rocket budget app,480,70,Add
best personal expense tracker app,480,62,Add
app to track business expenses,390,80,Add
best app for saving money goal,390,52,Add
shared budget app,390,57,Add
apps to help budget,390,70,Add
money spending tracker,390,93,Add
free expenses app,390,73,Add
the best budget app,390,62,Add
free budget app for couples,390,65,Add
free bill tracker app,390,74,Add
best expense tracking software,320,90,Add
online budget tracker,320,66,Add
best bill organizer app,320,79,Add
best small business expense tracking app,320,72,Add
best monthly budget app,320,71,Add
best bill management app,320,79,Add
track my spending app,320,65,Add
free business income and expense tracker,260,82,Added
best monthly budget spreadsheet,260,100,Add
app to keep track of bills,260,74,Add
best free budget app for couples,260,66,Add
business budget app,260,78,Add
budget spreadsheet app,260,91,Add
budget tools for couples,260,52,Add
free money management software,260,78,Add
best expense tracker app ios,260,22,Add
best online budget tool,210,88,Add
free bill organizer app,210,76,Add
budget maker app,210,70,Add
free app to keep track of bills due,210,74,Add
cheapest app to book hotels,210,78,Add
financial planning software for business,210,35,Add
xero budgeting and forecasting,210,59,Add
business spending tracker,210,66,Add
apps to keep track of money,210,67,Add
money organizer app,210,66,Add
best free budget app for android,210,51,Add
free income and expense tracker,170,80,Add
family budget software,170,52,Add
best app to keep track of bills,170,75,Add
online personal finance software,170,41,Add
offline personal finance software,170,100,Add
budget software for couples,170,20,Add
best budgeting software for couples,170,89,Add
best expense report app,140,85,Add
free home budget software,110,77,Add
personal expense tracking software,110,91,Add
find all of my subscriptions,110,81,Add
best budgeting software for small business,110,61,Add
best budgeting software for personal use,110,98,Add
budget app that doesn t connect to bank,90,63,Add
dave ramsey budget software,90,76,Add
small business income and expense tracker,90,98,Add
software to keep track of expenses,90,48,Add
best way to track personal finances,90,75,Add
best travel expense tracking app,90,45,Add
best free accounting software for personal use,70,100,Add
monthly bill organizer app,70,73,Add
best budgeting apps 2022,70,0,Add
personal budget software free,70,77,Add
budget software for personal use,50,100,Add
best budgeting apps 2023,50,30,Add
best apps for budgeting and paying off debt,50,79,Add
business money tracker,50,100,Add
best budget tracking software,50,99,Add
best budget apps 2023,20,0,Add
best budget apps 2022,10,0,Add
best personal finance software for mac 2022,10,0,Add
